poll_us	mode	width	height	kernel	samples	total_mean_us	total_p50_us	total_p95_us	linux_cpu_us	remote_compute_us	remote_service_us	prepare_us	wait_us	finish_us	remote_cycles
50	bare-metal-nop	0	0	0	100	108.54	114.92	115.68	15.53	0.00	1.41	1.46	106.91	0.17	0
50	opencv	32	32	15	100	85.27	45.16	45.92	47.57	0.00	0.00	0.00	0.00	0.00	0
50	scalar-a53	32	32	15	100	76.37	22.16	22.36	25.47	0.00	0.00	0.00	0.00	0.00	0
50	bare-metal	32	32	15	100	126.48	123.76	145.40	26.88	78.64	80.93	4.38	118.76	2.86	55034
50	opencv	64	64	15	100	198.61	96.76	105.04	100.81	0.00	0.00	0.00	0.00	0.00	0
50	scalar-a53	64	64	15	100	130.06	69.04	69.20	71.71	0.00	0.00	0.00	0.00	0.00	0
50	bare-metal	64	64	15	100	346.55	345.56	350.16	45.41	280.42	284.24	6.66	334.57	4.87	196281
50	opencv	128	128	15	100	524.11	278.76	330.80	288.61	0.00	0.00	0.00	0.00	0.00	0
50	scalar-a53	128	128	15	100	524.88	241.92	267.76	247.00	0.00	0.00	0.00	0.00	0.00	0
50	bare-metal	128	128	15	100	1142.42	1141.72	1155.48	135.62	1054.45	1062.39	17.80	1110.39	13.28	738098
50	opencv	200	200	15	100	1464.98	675.32	4714.52	696.59	0.00	0.00	0.00	0.00	0.00	0
50	scalar-a53	200	200	15	100	1259.59	591.48	8605.56	605.89	0.00	0.00	0.00	0.00	0.00	0
50	bare-metal	200	200	15	100	2726.85	2737.28	2754.16	319.50	2545.51	2559.89	46.05	2647.84	31.39	1781831
50	opencv	320	240	15	100	2341.11	1149.28	9173.40	1180.58	0.00	0.00	0.00	0.00	0.00	0
50	scalar-a53	320	240	15	100	2178.47	1085.80	9098.48	1107.39	0.00	0.00	0.00	0.00	0.00	0
50	bare-metal	320	240	15	100	5137.13	5116.64	5206.88	584.51	4914.55	4938.75	80.41	4988.20	66.68	3440166
50	opencv	640	360	15	100	7595.73	7622.84	11263.64	3312.09	0.00	0.00	0.00	0.00	0.00	0
50	scalar-a53	640	360	15	100	6716.57	5300.48	11212.04	3260.88	0.00	0.00	0.00	0.00	0.00	0
50	bare-metal	640	360	15	100	15610.13	15615.20	15658.72	1660.05	15059.61	15124.35	214.27	15193.77	200.03	10541705
50	opencv	1280	800	15	100	14982.22	14667.04	14853.08	13525.00	0.00	0.00	0.00	0.00	0.00	0
50	scalar-a53	1280	800	15	100	28300.94	30032.12	34387.76	14349.19	0.00	0.00	0.00	0.00	0.00	0
50	bare-metal	1280	800	15	100	70299.22	69946.60	73874.04	7768.72	67835.51	68112.94	1234.48	68188.05	874.50	47484835
0	bare-metal-nop	0	0	0	100	6.21	6.20	6.40	7.87	0.00	1.40	1.38	4.69	0.14	0
0	opencv	32	32	15	100	106.24	45.32	46.28	48.71	0.00	0.00	0.00	0.00	0.00	0
0	scalar-a53	32	32	15	100	22.60	22.16	22.28	24.23	0.00	0.00	0.00	0.00	0.00	0
0	bare-metal	32	32	15	100	191.65	91.24	92.28	93.57	78.64	80.89	4.23	184.31	2.69	55035
0	opencv	64	64	15	100	177.63	96.72	98.60	100.58	0.00	0.00	0.00	0.00	0.00	0
0	scalar-a53	64	64	15	100	89.94	69.00	69.20	71.43	0.00	0.00	0.00	0.00	0.00	0
0	bare-metal	64	64	15	100	615.66	299.92	2222.80	297.10	280.57	284.37	6.98	603.52	4.73	196384
0	opencv	128	128	15	100	564.84	278.12	338.68	288.61	0.00	0.00	0.00	0.00	0.00	0
0	scalar-a53	128	128	15	100	423.06	241.56	256.44	245.20	0.00	0.00	0.00	0.00	0.00	0
0	bare-metal	128	128	15	100	2037.10	1098.20	8191.56	956.24	1055.57	1063.57	17.15	2005.40	13.87	738876
0	opencv	200	200	15	100	1390.49	677.52	8695.80	699.25	0.00	0.00	0.00	0.00	0.00	0
0	scalar-a53	200	200	15	100	1202.38	593.20	8605.88	606.92	0.00	0.00	0.00	0.00	0.00	0
0	bare-metal	200	200	15	100	3937.13	2649.16	8305.64	1861.84	2548.17	2562.55	45.10	3859.50	31.12	1783698
0	opencv	320	240	15	100	2524.25	1155.80	9178.08	1187.56	0.00	0.00	0.00	0.00	0.00	0
0	scalar-a53	320	240	15	100	2300.94	1085.88	9095.12	1108.72	0.00	0.00	0.00	0.00	0.00	0
0	bare-metal	320	240	15	100	6725.94	5865.04	8949.68	3493.78	4916.65	4940.81	79.82	6519.11	125.39	3441634
0	opencv	640	360	15	100	7639.46	7590.72	11451.24	3289.22	0.00	0.00	0.00	0.00	0.00	0
0	scalar-a53	640	360	15	100	4547.45	3251.56	11120.64	3258.92	0.00	0.00	0.00	0.00	0.00	0
0	bare-metal	640	360	15	100	15569.57	15541.16	15568.56	15324.67	15060.98	15125.68	211.29	15160.12	196.59	10542662
0	opencv	1280	800	15	100	31048.12	30558.52	35910.88	13585.42	0.00	0.00	0.00	0.00	0.00	0
0	scalar-a53	1280	800	15	100	19745.65	14307.36	32301.68	14321.92	0.00	0.00	0.00	0.00	0.00	0
0	bare-metal	1280	800	15	100	73290.10	70159.44	77880.84	49829.55	67851.25	68128.56	1911.31	70054.17	1322.51	47495851
