mode	width	height	samples	mean_ns	p50_ns	p95_ns
opencv	32	32	100	234992	230880	
scalar-c906l	32	32	100	83013	81960	
opencv	64	64	100	601426	598840	
scalar-c906l	64	64	100	298679	296720	
opencv	128	128	100	1500518	1491360	
scalar-c906l	128	128	100	1166173		
opencv	200	200	100	3308456	3317320	
scalar-c906l	200	200	100	2795900		
opencv	320	240	100	5915259	5915760	
scalar-c906l	320	240	100	5398118		
opencv	640	360	100	17073760	17081440	
scalar-c906l	640	360	100	16052402		
opencv	1280	800	100	73565864	73548120	
scalar-c906l	1280	800	100	71360476		
